legacy_url,legacy_path
https://mysurestart.com/contact,/contact
https://mysurestart.com/surestart,/surestart
https://mysurestart.com/case-study,/case-study
https://mysurestart.com/for-students-2024,/for-students-2024
https://mysurestart.com/impact-stories,/impact-stories
https://mysurestart.com/for-companies,/for-companies
https://mysurestart.com/about,/about
https://mysurestart.com/vibe-lab-sneak-peek,/vibe-lab-sneak-peek
https://mysurestart.com/for-universities,/for-universities
https://mysurestart.com/discord,/discord
https://mysurestart.com/futuremakers-track-1,/futuremakers-track-1
https://mysurestart.com/futuremakers-track-2,/futuremakers-track-2
https://mysurestart.com/futuremakers-track-3,/futuremakers-track-3
https://mysurestart.com/sel-checkout,/sel-checkout
https://mysurestart.com/join-newsletter,/join-newsletter
https://mysurestart.com/courses,/courses
https://mysurestart.com/vibe-lab,/vibe-lab
https://mysurestart.com/getting-started-1,/getting-started-1
https://mysurestart.com/store,/store
